4565,7621,200,280,280,330,140,250,70,220
4551,7615,340,340,420,390,280,310,210,280
4574,7621,110,280,190,330,50,250,-20,220
4567,7619,180,300,260,350,120,270,50,240
4558,7601,270,480,350,530,210,450,140,420
4573,7622,120,270,200,320,60,240,-10,210
4559,7601,260,480,340,530,200,450,130,420
4571,7626,140,230,220,280,80,200,10,170
4565,7616,200,330,280,380,140,300,70,270
4560,7601,250,480,330,530,190,450,120,420
4549,7618,360,310,440,360,300,280,230,250
4560,7603,250,460,330,510,190,430,120,400
4571,7616,140,330,220,380,80,300,10,270
4557,7602,280,470,360,520,220,440,150,410
4556,7605,290,440,370,490,230,410,160,380
4585,7602,0,470,80,520,-60,440,-130,410
4556,7607,290,420,370,470,230,390,160,360
4560,7631,250,180,330,230,190,150,120,120
4560,7605,250,440,330,490,190,410,120,380
4559,7603,260,460,340,510,200,430,130,400
4555,7623,300,260,380,310,240,230,170,200
4571,7601,140,480,220,530,80,450,10,420
4555,7615,300,340,380,390,240,310,170,280
4560,7607,250,420,330,470,190,390,120,360
4559,7605,260,440,340,490,200,410,130,380
4560,7609,250,400,330,450,190,370,120,340
4560,7611,250,380,330,430,190,350,120,320
4556,7609,290,400,370,450,230,370,160,340
4549,7625,360,240,440,290,300,210,230,180
4565,7637,200,120,280,170,140,90,70,60
4559,7613,260,360,340,410,200,330,130,300
4558,7603,270,460,350,510,210,430,140,400
4566,7614,190,350,270,400,130,320,60,290
4569,7622,160,270,240,320,100,240,30,210
4563,7601,220,480,300,530,160,450,90,420
4555,7603,300,460,380,510,240,430,170,400
4557,7606,280,430,360,480,220,400,150,370
4562,7603,230,460,310,510,170,430,100,400
4567,7616,180,330,260,380,120,300,50,270
4553,7615,320,340,400,390,260,310,190,280
4555,7629,300,200,380,250,240,170,170,140
4568,7631,170,180,250,230,110,150,40,120
4558,7605,270,440,350,490,210,410,140,380
4570,7604,150,450,230,500,90,420,20,390
4561,7601,240,480,320,530,180,450,110,420
4558,7607,270,420,350,470,210,390,140,360
4556,7617,290,320,370,370,230,290,160,260
4558,7616,270,330,350,380,210,300,140,270
4575,7611,100,380,180,430,40,350,-30,320
4559,7630,260,190,340,240,200,160,130,130
4557,7616,280,330,360,380,220,300,150,270
4571,7605,140,440,220,490,80,410,10,380
4557,7608,280,410,360,460,220,380,150,350
4561,7621,240,280,320,330,180,250,110,220
4559,7607,260,420,340,470,200,390,130,360
4567,7601,180,480,260,530,120,450,50,420
4558,7618,270,310,350,360,210,280,140,250
4575,7620,100,290,180,340,40,260,-30,230
4568,7601,170,480,250,530,110,450,40,420
4557,7614,280,350,360,400,220,320,150,290
4560,7615,250,340,330,390,190,310,120,280
4575,7611,100,380,180,430,40,350,-30,320
4561,7605,240,440,320,490,180,410,110,380
4569,7601,160,480,240,530,100,450,30,420
4571,7624,140,250,220,300,80,220,10,190
4558,7627,270,220,350,270,210,190,140,160
4559,7609,260,400,340,450,200,370,130,340
4555,7617,300,320,380,370,240,290,170,260
4566,7603,190,460,270,510,130,430,60,400
4560,7633,250,160,330,210,190,130,120,100
4557,7635,280,140,360,190,220,110,150,80
4559,7618,260,310,340,360,200,280,130,250
4556,7624,290,250,370,300,230,220,160,190
4567,7611,180,380,260,430,120,350,50,320
4567,7613,180,360,260,410,120,330,50,300
4569,7603,160,460,240,510,100,430,30,400
4563,7603,220,460,300,510,160,430,90,400
4545,7618,400,310,480,360,340,280,270,250
4561,7607,240,420,320,470,180,390,110,360
4560,7637,250,120,330,170,190,90,120,60
4564,7641,210,80,290,130,150,50,80,20
4567,7603,180,460,260,510,120,430,50,400
4559,7619,260,300,340,350,200,270,130,240
4558,7609,270,400,350,450,210,370,140,340
4557,7637,280,120,360,170,220,90,150,60
4556,7613,290,360,370,410,230,330,160,300
4573,7619,120,300,200,350,60,270,-10,240
4556,7636,290,130,370,180,230,100,160,70
4568,7603,170,460,250,510,110,430,40,400
4561,7619,240,300,320,350,180,270,110,240
4557,7639,280,100,360,150,220,70,150,40
4550,7626,350,230,430,280,290,200,220,170
4570,7606,150,430,230,480,90,400,20,370
4570,7623,150,260,230,310,90,230,20,200
4564,7621,210,280,290,330,150,250,80,220
4572,7616,130,330,210,380,70,300,0,270
4559,7612,260,370,340,420,200,340,130,310
4555,7605,300,440,380,490,240,410,170,380
4568,7605,170,440,250,490,110,410,40,380
4569,7624,160,250,240,300,100,220,30,190
4561,7627,240,220,320,270,180,190,110,160
4574,7631,110,180,190,230,50,150,-20,120
4556,7638,290,110,370,160,230,80,160,50
4572,7613,130,360,210,410,70,330,0,300
4564,7622,210,270,290,320,150,240,80,210
4559,7626,260,230,340,280,200,200,130,170
4571,7612,140,370,220,420,80,340,10,310
4555,7621,300,280,380,330,240,250,170,220
4559,7633,260,160,340,210,200,130,130,100
4558,7633,270,160,350,210,210,130,140,100
4559,7635,260,140,340,190,200,110,130,80
4560,7640,250,90,330,140,190,60,120,30
4567,7629,180,200,260,250,120,170,50,140
4574,7622,110,270,190,320,50,240,-20,210
4567,7631,180,180,260,230,120,150,50,120
4555,7607,300,420,380,470,240,390,170,360
4556,7621,290,280,370,330,230,250,160,220
4561,7633,240,160,320,210,180,130,110,100
4556,7613,290,360,370,410,230,330,160,300
4566,7615,190,340,270,390,130,310,60,280
4556,7612,290,370,370,420,230,340,160,310
4563,7605,220,440,300,490,160,410,90,380
4559,7637,260,120,340,170,200,90,130,60
4562,7605,230,440,310,490,170,410,100,380
4563,7607,220,420,300,470,160,390,90,360
4566,7605,190,440,270,490,130,410,60,380
4559,7639,260,100,340,150,200,70,130,40
4572,7618,130,310,210,360,70,280,0,250
4570,7608,150,410,230,460,90,380,20,350
4563,7609,220,400,300,450,160,370,90,340
4562,7607,230,420,310,470,170,390,100,360
4570,7610,150,390,230,440,90,360,20,330
4562,7609,230,400,310,450,170,370,100,340
4551,7627,340,220,420,270,280,190,210,160
4559,7623,260,260,340,310,200,230,130,200
4571,7607,140,420,220,470,80,390,10,360
4559,7641,260,80,340,130,200,50,130,20
4568,7607,170,420,250,470,110,390,40,360
4563,7616,220,330,300,380,160,300,90,270
4561,7625,240,240,320,290,180,210,110,180
4555,7611,300,380,380,430,240,350,170,320
4574,7623,110,260,190,310,50,230,-20,200
4569,7618,160,310,240,360,100,280,30,250
4561,7635,240,140,320,190,180,110,110,80
4569,7605,160,440,240,490,100,410,30,380
4556,7622,290,270,370,320,230,240,160,210
4555,7639,300,100,380,150,240,70,170,40
4565,7639,200,100,280,150,140,70,70,40
4570,7622,150,270,230,320,90,240,20,210
4560,7642,250,70,330,120,190,40,120,10
4569,7607,160,420,240,470,100,390,30,360
4556,7618,290,310,370,360,230,280,160,250
4575,7611,100,380,180,430,40,350,-30,320
4555,7641,300,80,380,130,240,50,170,20
4561,7637,240,120,320,170,180,90,110,60
4571,7617,140,320,220,370,80,290,10,260
4562,7611,230,380,310,430,170,350,100,320
4571,7623,140,260,220,310,80,230,10,200
4569,7609,160,400,240,450,100,370,30,340
4569,7621,160,280,240,330,100,250,30,220
4573,7629,120,200,200,250,60,170,-10,140
4565,7641,200,80,280,130,140,50,70,20
4570,7612,150,370,230,420,90,340,20,310
4574,7611,110,380,190,430,50,350,-20,320
4563,7622,220,270,300,320,160,240,90,210
4555,7643,300,60,380,110,240,30,170,0
4581,7635,40,140,120,190,-20,110,-90,80
4553,7617,320,320,400,370,260,290,190,260
4559,7620,260,290,340,340,200,260,130,230
4557,7641,280,80,360,130,220,50,150,20
4546,7626,390,230,470,280,330,200,260,170
4562,7620,230,290,310,340,170,260,100,230
4569,7633,160,160,240,210,100,130,30,100
4561,7623,240,260,320,310,180,230,110,200
4556,7640,290,90,370,140,230,60,160,30
4570,7626,150,230,230,280,90,200,20,170
4559,7643,260,60,340,110,200,30,130,0
4561,7622,240,270,320,320,180,240,110,210
4575,7631,100,180,180,230,40,150,-30,120
4569,7636,160,130,240,180,100,100,30,70
4572,7622,130,270,210,320,70,240,0,210
4556,7642,290,70,370,120,230,40,160,10
4573,7613,120,360,200,410,60,330,-10,300
4581,7625,40,240,120,290,-20,210,-90,180
4569,7630,160,190,240,240,100,160,30,130
4557,7643,280,60,360,110,220,30,150,0
4547,7618,380,310,460,360,320,280,250,250
4555,7633,300,160,380,210,240,130,170,100
4559,7645,260,40,340,90,200,10,130,-20
4560,7644,250,50,330,100,190,20,120,-10
4581,7601,40,480,120,530,-20,450,-90,420
4572,7627,130,220,210,270,70,190,0,160
4564,7617,210,320,290,370,150,290,80,260
4556,7630,290,190,370,240,230,160,160,130
4575,7628,100,210,180,260,40,180,-30,150
4585,7606,0,430,80,480,-60,400,-130,370
4557,7645,280,40,360,90,220,10,150,-20
4581,7637,40,120,120,170,-20,90,-90,60
4568,7609,170,400,250,450,110,370,40,340
4568,7613,170,360,250,410,110,330,40,300
4561,7639,240,100,320,150,180,70,110,40
4563,7611,220,380,300,430,160,350,90,320
4574,7620,110,290,190,340,50,260,-20,230
4559,7616,260,330,340,380,200,300,130,270
4569,7615,160,340,240,390,100,310,30,280
4569,7640,160,90,240,140,100,60,30,30
4563,7624,220,250,300,300,160,220,90,190
4572,7630,130,190,210,240,70,160,0,130
4581,7641,40,80,120,130,-20,50,-90,20
4553,7627,320,220,400,270,260,190,190,160
4558,7639,270,100,350,150,210,70,140,40
4581,7603,40,460,120,510,-20,430,-90,400
4566,7607,190,420,270,470,130,390,60,360
4581,7605,40,440,120,490,-20,410,-90,380
4555,7630,300,190,380,240,240,160,170,130
4558,7628,270,210,350,260,210,180,140,150
4574,7631,110,180,190,230,50,150,-20,120
4569,7612,160,370,240,420,100,340,30,310
4575,7614,100,350,180,400,40,320,-30,290
4562,7626,230,230,310,280,170,200,100,170
4565,7620,200,290,280,340,140,260,70,230
4561,7641,240,80,320,130,180,50,110,20
4571,7609,140,400,220,450,80,370,10,340
4563,7632,220,170,300,220,160,140,90,110
4572,7614,130,350,210,400,70,320,0,290
4581,7607,40,420,120,470,-20,390,-90,360
4564,7619,210,300,290,350,150,270,80,240
4570,7615,150,340,230,390,90,310,20,280
4583,7603,20,460,100,510,-40,430,-110,400
4579,7617,60,320,140,370,0,290,-70,260
4558,7641,270,80,350,130,210,50,140,20
4548,7623,370,260,450,310,310,230,240,200
4566,7628,190,210,270,260,130,180,60,150
4579,7619,60,300,140,350,0,270,-70,240
4549,7619,360,300,440,350,300,270,230,240
4575,7627,100,220,180,270,40,190,-30,160
4556,7614,290,350,370,400,230,320,160,290
4563,7634,220,150,300,200,160,120,90,90
4581,7609,40,400,120,450,-20,370,-90,340
4575,7623,100,260,180,310,40,230,-30,200
4558,7631,270,180,350,230,210,150,140,120
4583,7605,20,440,100,490,-40,410,-110,380
4566,7609,190,400,270,450,130,370,60,340
4559,7611,260,380,340,430,200,350,130,320
4570,7633,150,160,230,210,90,130,20,100
4567,7626,180,230,260,280,120,200,50,170
4568,7619,170,300,250,350,110,270,40,240
4548,7601,370,480,450,530,310,450,240,420
4548,7603,370,460,450,510,310,430,240,400
4574,7625,110,240,190,290,50,210,-20,180
4556,7619,290,300,370,350,230,270,160,240
4567,7605,180,440,260,490,120,410,50,380
4570,7637,150,120,230,170,90,90,20,60
4545,7620,400,290,480,340,340,260,270,230
4564,7611,210,380,290,430,150,350,80,320
4579,7604,60,450,140,500,0,420,-70,390
4565,7626,200,230,280,280,140,200,70,170
4568,7627,170,220,250,270,110,190,40,160
4560,7613,250,360,330,410,190,330,120,300
4557,7611,280,380,360,430,220,350,150,320
4575,7611,100,380,180,430,40,350,-30,320
4570,7619,150,300,230,350,90,270,20,240
4555,7619,300,300,380,350,240,270,170,240
4563,7625,220,240,300,290,160,210,90,180
4575,7630,100,190,180,240,40,160,-30,130
4561,7629,240,200,320,250,180,170,110,140
4573,7613,120,360,200,410,60,330,-10,300
4548,7605,370,440,450,490,310,410,240,380
4560,7612,250,370,330,420,190,340,120,310
4579,7621,60,280,140,330,0,250,-70,220
4575,7615,100,340,180,390,40,310,-30,280
4581,7611,40,380,120,430,-20,350,-90,320
4561,7611,240,380,320,430,180,350,110,320
4561,7615,240,340,320,390,180,310,110,280
4567,7607,180,420,260,470,120,390,50,360
4548,7607,370,420,450,470,310,390,240,360
4557,7628,280,210,360,260,220,180,150,150
4569,7614,160,350,240,400,100,320,30,290
4576,7617,90,320,170,370,30,290,-40,260
4572,7611,130,380,210,430,70,350,0,320
4565,7622,200,270,280,320,140,240,70,210
4557,7629,280,200,360,250,220,170,150,140
4574,7615,110,340,190,390,50,310,-20,280
4571,7619,140,300,220,350,80,270,10,240
4564,7612,210,370,290,420,150,340,80,310
4561,7620,240,290,320,340,180,260,110,230
4568,7621,170,280,250,330,110,250,40,220
4566,7629,190,200,270,250,130,170,60,140
4570,7611,150,380,230,430,90,350,20,320
4562,7621,230,280,310,330,170,250,100,220
4557,7615,280,340,360,390,220,310,150,280
4570,7617,150,320,230,370,90,290,20,260
4579,7623,60,260,140,310,0,230,-70,200
4563,7613,220,360,300,410,160,330,90,300
4558,7643,270,60,350,110,210,30,140,0
4564,7620,210,290,290,340,150,260,80,230
4562,7630,230,190,310,240,170,160,100,130
4556,7623,290,260,370,310,230,230,160,200
4569,7629,160,200,240,250,100,170,30,140
4567,7614,180,350,260,400,120,320,50,290
4557,7624,280,250,360,300,220,220,150,190
4555,7620,300,290,380,340,240,260,170,230
4556,7620,290,290,370,340,230,260,160,230
4567,7621,180,280,260,330,120,250,50,220
4555,7621,300,280,380,330,240,250,170,220
4581,7619,40,300,120,350,-20,270,-90,240
4560,7619,250,300,330,350,190,270,120,240
4568,7620,170,290,250,340,110,260,40,230
4570,7620,150,290,230,340,90,260,20,230
4568,7615,170,340,250,390,110,310,40,280
4574,7614,110,350,190,400,50,320,-20,290
4569,7616,160,330,240,380,100,300,30,270
4570,7614,150,350,230,400,90,320,20,290
4556,7625,290,240,370,290,230,210,160,180
4575,7621,100,280,180,330,40,250,-30,220
4569,7611,160,380,240,430,100,350,30,320
4558,7612,270,370,350,420,210,340,140,310
4563,7631,220,180,300,230,160,150,90,120
4567,7625,180,240,260,290,120,210,50,180
4548,7609,370,400,450,450,310,370,240,340
4573,7615,120,340,200,390,60,310,-10,280
4566,7616,190,330,270,380,130,300,60,270
4569,7619,160,300,240,350,100,270,30,240
4570,7639,150,100,230,150,90,70,20,40
4578,7622,70,270,150,320,10,240,-60,210
4563,7636,220,130,300,180,160,100,90,70
4552,7625,330,240,410,290,270,210,200,180
4575,7621,100,280,180,330,40,250,-30,220
4568,7630,170,190,250,240,110,160,40,130
4548,7611,370,380,450,430,310,350,240,320
4559,7615,260,340,340,390,200,310,130,280
4556,7644,290,50,370,100,230,20,160,-10
4555,7618,300,310,380,360,240,280,170,250
4574,7612,110,370,190,420,50,340,-20,310
4572,7628,130,210,210,260,70,180,0,150
4557,7630,280,190,360,240,220,160,150,130
4572,7625,130,240,210,290,70,210,0,180
4568,7614,170,350,250,400,110,320,40,290
4552,7618,330,310,410,360,270,280,200,250
4562,7615,230,340,310,390,170,310,100,280
4558,7619,270,300,350,350,210,270,140,240
4581,7627,40,220,120,270,-20,190,-90,160
4564,7618,210,310,290,360,150,280,80,250
4567,7623,180,260,260,310,120,230,50,200
4567,7622,180,270,260,320,120,240,50,210
4545,7626,400,230,480,280,340,200,270,170
4563,7619,220,300,300,350,160,270,90,240
4567,7617,180,320,260,370,120,290,50,260
4559,7624,260,250,340,300,200,220,130,190
4571,7622,140,270,220,320,80,240,10,210
4556,7628,290,210,370,260,230,180,160,150
4547,7626,380,230,460,280,320,200,250,170
4559,7628,260,210,340,260,200,180,130,150
4557,7613,280,360,360,410,220,330,150,300
4570,7618,150,310,230,360,90,280,20,250
4574,7616,110,330,190,380,50,300,-20,270
4566,7618,190,310,270,360,130,280,60,250
4558,7625,270,240,350,290,210,210,140,180
4562,7623,230,260,310,310,170,230,100,200
4575,7622,100,270,180,320,40,240,-30,210
4561,7628,240,210,320,260,180,180,110,150
4568,7622,170,270,250,320,110,240,40,210
4579,7606,60,430,140,480,0,400,-70,370
4565,7629,200,200,280,250,140,170,70,140
4583,7607,20,420,100,470,-40,390,-110,360
4562,7625,230,240,310,290,170,210,100,180
4559,7629,260,200,340,250,200,170,130,140
4574,7631,110,180,190,230,50,150,-20,120
4575,7629,100,200,180,250,40,170,-30,140
4579,7608,60,410,140,460,0,380,-70,350
4563,7640,220,90,300,140,160,60,90,30
4573,7625,120,240,200,290,60,210,-10,180
4558,7626,270,230,350,280,210,200,140,170
4556,7626,290,230,370,280,230,200,160,170
4573,7616,120,330,200,380,60,300,-10,270
4555,7635,300,140,380,190,240,110,170,80
4566,7630,190,190,270,240,130,160,60,130
4574,7618,110,310,190,360,50,280,-20,250
4572,7629,130,200,210,250,70,170,0,140
4563,7629,220,200,300,250,160,170,90,140
4573,7629,120,200,200,250,60,170,-10,140
4577,7601,80,480,160,530,20,450,-50,420
4561,7612,240,370,320,420,180,340,110,310
4571,7633,140,160,220,210,80,130,10,100
4556,7613,290,360,370,410,230,330,160,300
4579,7625,60,240,140,290,0,210,-70,180
4571,7627,140,220,220,270,80,190,10,160
4571,7615,140,340,220,390,80,310,10,280
4568,7618,170,310,250,360,110,280,40,250
4569,7631,160,180,240,230,100,150,30,120
4553,7618,320,310,400,360,260,280,190,250
4565,7625,200,240,280,290,140,210,70,180
4581,7613,40,360,120,410,-20,330,-90,300
4569,7613,160,360,240,410,100,330,30,300
4555,7627,300,220,380,270,240,190,170,160
4575,7631,100,180,180,230,40,150,-30,120
4570,7629,150,200,230,250,90,170,20,140
4556,7615,290,340,370,390,230,310,160,280
4569,7617,160,320,240,370,100,290,30,260
4571,7635,140,140,220,190,80,110,10,80
4575,7628,100,210,180,260,40,180,-30,150
4560,7622,250,270,330,320,190,240,120,210
4574,7617,110,320,190,370,50,290,-20,260
4558,7645,270,40,350,90,210,10,140,-20
4579,7610,60,390,140,440,0,360,-70,330
4569,7627,160,220,240,270,100,190,30,160
4558,7611,270,380,350,430,210,350,140,320
4562,7613,230,360,310,410,170,330,100,300
4567,7630,180,190,260,240,120,160,50,130
4560,7620,250,290,330,340,190,260,120,230
4556,7611,290,380,370,430,230,350,160,320
4577,7603,80,460,160,510,20,430,-50,400
4561,7617,240,320,320,370,180,290,110,260
4557,7617,280,320,360,370,220,290,150,260
4552,7604,330,450,410,500,270,420,200,390
4569,7625,160,240,240,290,100,210,30,180
4562,7622,230,270,310,320,170,240,100,210
4562,7631,230,180,310,230,170,150,100,120
4561,7616,240,330,320,380,180,300,110,270
4579,7612,60,370,140,420,0,340,-70,310
4563,7617,220,320,300,370,160,290,90,260
4561,7614,240,350,320,400,180,320,110,290
4579,7613,60,360,140,410,0,330,-70,300
4571,7637,140,120,220,170,80,90,10,60
4564,7625,210,240,290,290,150,210,80,180
4569,7626,160,230,240,280,100,200,30,170
4564,7616,210,330,290,380,150,300,80,270
4585,7608,0,410,80,460,-60,380,-130,350
4583,7609,20,400,100,450,-40,370,-110,340
4564,7624,210,250,290,300,150,220,80,190
4577,7605,80,440,160,490,20,410,-50,380
4571,7639,140,100,220,150,80,70,10,40
4563,7615,220,340,300,390,160,310,90,280
4581,7629,40,200,120,250,-20,170,-90,140
4571,7641,140,80,220,130,80,50,10,20
4568,7629,170,200,250,250,110,170,40,140
4557,7619,280,300,360,350,220,270,150,240
4564,7623,210,260,290,310,150,230,80,200
4568,7611,170,380,250,430,110,350,40,320
4566,7611,190,380,270,430,130,350,60,320
4557,7626,280,230,360,280,220,200,150,170
4569,7628,160,210,240,260,100,180,30,150
4571,7620,140,290,220,340,80,260,10,230
4560,7629,250,200,330,250,190,170,120,140
4555,7612,300,370,380,420,240,340,170,310
4567,7618,180,310,260,360,120,280,50,250
4555,7637,300,120,380,170,240,90,170,60
4568,7623,170,260,250,310,110,230,40,200
4570,7630,150,190,230,240,90,160,20,130
4561,7624,240,250,320,300,180,220,110,190
4585,7612,0,370,80,420,-60,340,-130,310
4571,7611,140,380,220,430,80,350,10,320
4581,7621,40,280,120,330,-20,250,-90,220
4560,7627,250,220,330,270,190,190,120,160
4583,7611,20,380,100,430,-40,350,-110,320
4564,7631,210,180,290,230,150,150,80,120
4548,7613,370,360,450,410,310,330,240,300
4558,7623,270,260,350,310,210,230,140,200
4571,7625,140,240,220,290,80,210,10,180
4585,7616,0,330,80,380,-60,300,-130,270
4585,7618,0,310,80,360,-60,280,-130,250
4568,7617,170,320,250,370,110,290,40,260
4566,7620,190,290,270,340,130,260,60,230
4558,7614,270,350,350,400,210,320,140,290
4552,7611,330,380,410,430,270,350,200,320
4548,7615,370,340,450,390,310,310,240,280
4581,7615,40,340,120,390,-20,310,-90,280
4567,7615,180,340,260,390,120,310,50,280
4568,7624,170,250,250,300,110,220,40,190
4566,7625,190,240,270,290,130,210,60,180
4560,7630,250,190,330,240,190,160,120,130
4565,7623,200,260,280,310,140,230,70,200
4560,7623,250,260,330,310,190,230,120,200
4558,7615,270,340,350,390,210,310,140,280
4563,7623,220,260,300,310,160,230,90,200
4562,7617,230,320,310,370,170,290,100,260
4583,7621,20,280,100,330,-40,250,-110,220
4563,7620,220,290,300,340,160,260,90,230
4570,7613,150,360,230,410,90,330,20,300
4555,7628,300,210,380,260,240,180,170,150
4574,7628,110,210,190,260,50,180,-20,150
4560,7618,250,310,330,360,190,280,120,250
4561,7613,240,360,320,410,180,330,110,300
4571,7629,140,200,220,250,80,170,10,140
4565,7624,200,250,280,300,140,220,70,190
4557,7625,280,240,360,290,220,210,150,180
4559,7622,260,270,340,320,200,240,130,210
4556,7618,290,310,370,360,230,280,160,250
4573,7621,120,280,200,330,60,250,-10,220
4575,7630,100,190,180,240,40,160,-30,130
4560,7617,250,320,330,370,190,290,120,260
4570,7616,150,330,230,380,90,300,20,270
4573,7618,120,310,200,360,60,280,-10,250
4566,7627,190,220,270,270,130,190,60,160
4560,7625,250,240,330,290,190,210,120,180
4573,7617,120,320,200,370,60,290,-10,260
4558,7630,270,190,350,240,210,160,140,130
4553,7624,320,250,400,300,260,220,190,190
4580,7636,50,130,130,180,-10,100,-80,70
4559,7617,260,320,340,370,200,290,130,260
4564,7637,210,120,290,170,150,90,80,60
4562,7632,230,170,310,220,170,140,100,110
4564,7639,210,100,290,150,150,70,80,40
4550,7611,350,380,430,430,290,350,220,320
4548,7626,370,230,450,280,310,200,240,170
4575,7624,100,250,180,300,40,220,-30,190
4547,7607,380,420,460,470,320,390,250,360
4582,7638,30,110,110,160,-30,80,-100,50
4565,7635,200,140,280,190,140,110,70,80
4553,7630,320,190,400,240,260,160,190,130
4574,7631,110,180,190,230,50,150,-20,120
4579,7627,60,220,140,270,0,190,-70,160
4562,7601,230,480,310,530,170,450,100,420
4583,7601,20,480,100,530,-40,450,-110,420
4547,7603,380,460,460,510,320,430,250,400
4581,7617,40,320,120,370,-20,290,-90,260
4562,7629,230,200,310,250,170,170,100,140
4557,7604,280,450,360,500,220,420,150,390
4584,7613,10,360,90,410,-50,330,-120,300
4560,7638,250,110,330,160,190,80,120,50
4545,7637,400,120,480,170,340,90,270,60
4552,7613,330,360,410,410,270,330,200,300
4575,7617,100,320,180,370,40,290,-30,260
4570,7635,150,140,230,190,90,110,20,80
4574,7607,110,420,190,470,50,390,-20,360
4579,7602,60,470,140,520,0,440,-70,410
4565,7627,200,220,280,270,140,190,70,160
4562,7618,230,310,310,360,170,280,100,250
4562,7628,230,210,310,260,170,180,100,150
4570,7641,150,80,230,130,90,50,20,20
4545,7639,400,100,480,150,340,70,270,40
4570,7624,150,250,230,300,90,220,20,190
4579,7615,60,340,140,390,0,310,-70,280
4576,7612,90,370,170,420,30,340,-40,310
4557,7623,280,260,360,310,220,230,150,200
4545,7621,400,280,480,330,340,250,270,220
4578,7606,70,430,150,480,10,400,-60,370
4547,7637,380,120,460,170,320,90,250,60
4547,7639,380,100,460,150,320,70,250,40
4558,7640,270,90,350,140,210,60,140,30
4584,7633,10,160,90,210,-50,130,-120,100
4572,7604,130,450,210,500,70,420,0,390
4585,7610,0,390,80,440,-60,360,-130,330
4561,7626,240,230,320,280,180,200,110,170
4583,7634,20,150,100,200,-40,120,-110,90
4550,7617,350,320,430,370,290,290,220,260
4555,7626,300,230,380,280,240,200,170,170
4569,7634,160,150,240,200,100,120,30,90
4565,7619,200,300,280,350,140,270,70,240
4552,7607,330,420,410,470,270,390,200,360
4585,7604,0,450,80,500,-60,420,-130,390
4569,7638,160,110,240,160,100,80,30,50
4563,7621,220,280,300,330,160,250,90,220
4570,7627,150,220,230,270,90,190,20,160
4573,7624,120,250,200,300,60,220,-10,190
4582,7603,30,460,110,510,-30,430,-100,400
4564,7630,210,190,290,240,150,160,80,130
4553,7609,320,400,400,450,260,370,190,340
4578,7611,70,380,150,430,10,350,-60,320
4552,7630,330,190,410,240,270,160,200,130
4563,7618,220,310,300,360,160,280,90,250
4547,7629,380,200,460,250,320,170,250,140
4579,7631,60,180,140,230,0,150,-70,120
4583,7617,20,320,100,370,-40,290,-110,260
4584,7623,10,260,90,310,-50,230,-120,200
4565,7602,200,470,280,520,140,440,70,410
4575,7611,100,380,180,430,40,350,-30,320
4550,7625,350,240,430,290,290,210,220,180
4556,7634,290,150,370,200,230,120,160,90
4561,7603,240,460,320,510,180,430,110,400
4576,7625,90,240,170,290,30,210,-40,180
4577,7626,80,230,160,280,20,200,-50,170
4579,7633,60,160,140,210,0,130,-70,100
4553,7634,320,150,400,200,260,120,190,90
4552,7622,330,270,410,320,270,240,200,210
4581,7623,40,260,120,310,-20,230,-90,200
4574,7602,110,470,190,520,50,440,-20,410
4552,7609,330,400,410,450,270,370,200,340
4571,7603,140,460,220,510,80,430,10,400
4563,7608,220,410,300,460,160,380,90,350
4558,7624,270,250,350,300,210,220,140,190
4563,7626,220,230,300,280,160,200,90,170
4582,7618,30,310,110,360,-30,280,-100,250
4579,7628,60,210,140,260,0,180,-70,150
4566,7633,190,160,270,210,130,130,60,100
4571,7613,140,360,220,410,80,330,10,300
4545,7611,400,380,480,430,340,350,270,320
4552,7608,330,410,410,460,270,380,200,350
4570,7640,150,90,230,140,90,60,20,30
4551,7618,340,310,420,360,280,280,210,250
4570,7602,150,470,230,520,90,440,20,410
4578,7607,70,420,150,470,10,390,-60,360
4561,7618,240,310,320,360,180,280,110,250
4580,7605,50,440,130,490,-10,410,-80,380
4557,7609,280,400,360,450,220,370,150,340
4556,7616,290,330,370,380,230,300,160,270
4561,7630,240,190,320,240,180,160,110,130
4549,7627,360,220,440,270,300,190,230,160
4553,7640,320,90,400,140,260,60,190,30
4581,7633,40,160,120,210,-20,130,-90,100
4559,7614,260,350,340,400,200,320,130,290
4580,7625,50,240,130,290,-10,210,-80,180
4564,7635,210,140,290,190,150,110,80,80
4572,7623,130,260,210,310,70,230,0,200
4570,7601,150,480,230,530,90,450,20,420
4553,7633,320,160,400,210,260,130,190,100
4561,7632,240,170,320,220,180,140,110,110
4558,7637,270,120,350,170,210,90,140,60
4568,7628,170,210,250,260,110,180,40,150
4560,7616,250,330,330,380,190,300,120,270
4564,7629,210,200,290,250,150,170,80,140
4548,7629,370,200,450,250,310,170,240,140
4562,7619,230,300,310,350,170,270,100,240
4557,7618,280,310,360,360,220,280,150,250
4555,7609,300,400,380,450,240,370,170,340
4545,7631,400,180,480,230,340,150,270,120
4584,7629,10,200,90,250,-50,170,-120,140
4577,7613,80,360,160,410,20,330,-50,300
4583,7619,20,300,100,350,-40,270,-110,240
4551,7617,340,320,420,370,280,290,210,260
4553,7620,320,290,400,340,260,260,190,230
4577,7634,80,150,160,200,20,120,-50,90
4550,7627,350,220,430,270,290,190,220,160
4566,7612,190,370,270,420,130,340,60,310
4546,7638,390,110,470,160,330,80,260,50
4580,7607,50,420,130,470,-10,390,-80,360
4584,7636,10,130,90,180,-50,100,-120,70
4551,7624,340,250,420,300,280,220,210,190
4574,7626,110,230,190,280,50,200,-20,170
4553,7622,320,270,400,320,260,240,190,210
4557,7641,280,80,360,130,220,50,150,20
4562,7608,230,410,310,460,170,380,100,350
4565,7628,200,210,280,260,140,180,70,150
4582,7630,30,190,110,240,-30,160,-100,130
4545,7610,400,390,480,440,340,360,270,330
4567,7641,180,80,260,130,120,50,50,20
4565,7613,200,360,280,410,140,330,70,300
4546,7634,390,150,470,200,330,120,260,90
4549,7641,360,80,440,130,300,50,230,20
4552,7602,330,470,410,520,270,440,200,410
4551,7623,340,260,420,310,280,230,210,200
4573,7634,120,150,200,200,60,120,-10,90
4576,7631,90,180,170,230,30,150,-40,120
4554,7602,310,470,390,520,250,440,180,410
4582,7622,30,270,110,320,-30,240,-100,210
4548,7617,370,320,450,370,310,290,240,260
4583,7626,20,230,100,280,-40,200,-110,170
4548,7627,370,220,450,270,310,190,240,160
4545,7638,400,110,480,160,340,80,270,50
4559,7621,260,280,340,330,200,250,130,220
4584,7618,10,310,90,360,-50,280,-120,250
4549,7631,360,180,440,230,300,150,230,120
4581,7639,40,100,120,150,-20,70,-90,40
4554,7601,310,480,390,530,250,450,180,420
4572,7619,130,300,210,350,70,270,0,240
4556,7602,290,470,370,520,230,440,160,410
4558,7635,270,140,350,190,210,110,140,80
4566,7601,190,480,270,530,130,450,60,420
4562,7637,230,120,310,170,170,90,100,60
4578,7636,70,130,150,180,10,100,-60,70
4585,7614,0,350,80,400,-60,320,-130,290
4576,7624,90,250,170,300,30,220,-40,190
4547,7640,380,90,460,140,320,60,250,30
4557,7633,280,160,360,210,220,130,150,100
4555,7601,300,480,380,530,240,450,170,420
4564,7632,210,170,290,220,150,140,80,110
4556,7633,290,160,370,210,230,130,160,100
4573,7611,120,380,200,430,60,350,-10,320
4575,7618,100,310,180,360,40,280,-30,250
4547,7604,380,450,460,500,320,420,250,390
4560,7628,250,210,330,260,190,180,120,150
4564,7613,210,360,290,410,150,330,80,300
4557,7612,280,370,360,420,220,340,150,310
4549,7611,360,380,440,430,300,350,230,320
4575,7605,100,440,180,490,40,410,-30,380
4545,7603,400,460,480,510,340,430,270,400
4560,7635,250,140,330,190,190,110,120,80
4578,7613,70,360,150,410,10,330,-60,300
4569,7620,160,290,240,340,100,260,30,230
4565,7630,200,190,280,240,140,160,70,130
4550,7614,350,350,430,400,290,320,220,290
4582,7639,30,100,110,150,-30,70,-100,40
4573,7634,120,150,200,200,60,120,-10,90
4563,7638,220,110,300,160,160,80,90,50
4545,7633,400,160,480,210,340,130,270,100
4562,7627,230,220,310,270,170,190,100,160
4575,7626,100,230,180,280,40,200,-30,170
4571,7621,140,280,220,330,80,250,10,220
4574,7613,110,360,190,410,50,330,-20,300
4558,7617,270,320,350,370,210,290,140,260
4578,7615,70,340,150,390,10,310,-60,280
4554,7605,310,440,390,490,250,410,180,380
4567,7638,180,110,260,160,120,80,50,50
4571,7614,140,350,220,400,80,320,10,290
4545,7635,400,140,480,190,340,110,270,80
4566,7624,190,250,270,300,130,220,60,190
4561,7609,240,400,320,450,180,370,110,340
4563,7614,220,350,300,400,160,320,90,290
4563,7628,220,210,300,260,160,180,90,150
4576,7641,90,80,170,130,30,50,-40,20
4582,7639,30,100,110,150,-30,70,-100,40
4565,7601,200,480,280,530,140,450,70,420
4565,7603,200,460,280,510,140,430,70,400
4565,7604,200,450,280,500,140,420,70,390
4565,7605,200,440,280,490,140,410,70,380
4565,7606,200,430,280,480,140,400,70,370
4565,7607,200,420,280,470,140,390,70,360
4565,7608,200,410,280,460,140,380,70,350
4565,7609,200,400,280,450,140,370,70,340
4565,7610,200,390,280,440,140,360,70,330
4565,7611,200,380,280,430,140,350,70,320
4565,7612,200,370,280,420,140,340,70,310
4565,7613,200,360,280,410,140,330,70,300
4565,7614,200,350,280,400,140,320,70,290
4565,7615,200,340,280,390,140,310,70,280
4565,7617,200,320,280,370,140,290,70,260
4565,7618,200,310,280,360,140,280,70,250
4565,7631,200,180,280,230,140,150,70,120
4565,7632,200,170,280,220,140,140,70,110
4565,7633,200,160,280,210,140,130,70,100
4565,7634,200,150,280,200,140,120,70,90
4546,7621,390,280,470,330,330,250,260,220
4547,7621,380,280,460,330,320,250,250,220
4548,7621,370,280,450,330,310,250,240,220
4549,7621,360,280,440,330,300,250,230,220
4550,7621,350,280,430,330,290,250,220,220
4551,7621,340,280,420,330,280,250,210,220
4552,7621,330,280,410,330,270,250,200,220
4553,7621,320,280,400,330,260,250,190,220
4554,7621,310,280,390,330,250,250,180,220
4557,7621,280,280,360,330,220,250,150,220
4558,7621,270,280,350,330,210,250,140,220
4560,7621,250,280,330,330,190,250,120,220
4566,7621,190,280,270,330,130,250,60,220
4564,7601,210,480,290,530,150,450,80,420
4564,7602,210,470,290,520,150,440,80,410
4564,7603,210,460,290,510,150,430,80,400
4564,7604,210,450,290,500,150,420,80,390
4564,7605,210,440,290,490,150,410,80,380
4564,7606,210,430,290,480,150,400,80,370
4564,7607,210,420,290,470,150,390,80,360
4564,7608,210,410,290,460,150,380,80,350
4564,7609,210,400,290,450,150,370,80,340
4564,7610,210,390,290,440,150,360,80,330
4564,7614,210,350,290,400,150,320,80,290
4564,7615,210,340,290,390,150,310,80,280
4564,7626,210,230,290,280,150,200,80,170
4564,7627,210,220,290,270,150,190,80,160
4564,7628,210,210,290,260,150,180,80,150
4564,7633,210,160,290,210,150,130,80,100
4564,7634,210,150,290,200,150,120,80,90
4545,7630,400,190,480,240,340,160,270,130
4546,7630,390,190,470,240,330,160,260,130
4547,7630,380,190,460,240,320,160,250,130
4548,7630,370,190,450,240,310,160,240,130
4549,7630,360,190,440,240,300,160,230,130
4550,7630,350,190,430,240,290,160,220,130
4551,7630,340,190,420,240,280,160,210,130
4554,7630,310,190,390,240,250,160,180,130
4563,7630,220,190,300,240,160,160,90,130
4571,7630,140,190,220,240,80,160,10,130
4573,7630,120,190,200,240,60,160,-10,130
4574,7630,110,190,190,240,50,160,-20,130
4576,7630,90,190,170,240,30,160,-40,130
4577,7630,80,190,160,240,20,160,-50,130
4578,7630,70,190,150,240,10,160,-60,130
4579,7630,60,190,140,240,0,160,-70,130
4580,7630,50,190,130,240,-10,160,-80,130
4581,7630,40,190,120,240,-20,160,-90,130
4583,7630,20,190,100,240,-40,160,-110,130
4584,7630,10,190,90,240,-50,160,-120,130
4585,7630,0,190,80,240,-60,160,-130,130
4546,7631,390,180,470,230,330,150,260,120
4547,7631,380,180,460,230,320,150,250,120
4548,7631,370,180,450,230,310,150,240,120
4550,7631,350,180,430,230,290,150,220,120
4551,7631,340,180,420,230,280,150,210,120
4552,7631,330,180,410,230,270,150,200,120
4553,7631,320,180,400,230,260,150,190,120
4554,7631,310,180,390,230,250,150,180,120
4555,7631,300,180,380,230,240,150,170,120
4556,7631,290,180,370,230,230,150,160,120
4557,7631,280,180,360,230,220,150,150,120
4559,7631,260,180,340,230,200,150,130,120
4561,7631,240,180,320,230,180,150,110,120
4566,7631,190,180,270,230,130,150,60,120
4570,7631,150,180,230,230,90,150,20,120
4571,7631,140,180,220,230,80,150,10,120
4572,7631,130,180,210,230,70,150,0,120
4573,7631,120,180,200,230,60,150,-10,120
4577,7631,80,180,160,230,20,150,-50,120
4578,7631,70,180,150,230,10,150,-60,120
4580,7631,50,180,130,230,-10,150,-80,120
4581,7631,40,180,120,230,-20,150,-90,120
4582,7631,30,180,110,230,-30,150,-100,120
4583,7631,20,180,100,230,-40,150,-110,120
4584,7631,10,180,90,230,-50,150,-120,120
4585,7631,0,180,80,230,-60,150,-130,120
4545,7601,400,480,480,530,340,450,270,420
4545,7605,400,440,480,490,340,410,270,380
4545,7607,400,420,480,470,340,390,270,360
4545,7609,400,400,480,450,340,370,270,340
4545,7613,400,360,480,410,340,330,270,300
4545,7615,400,340,480,390,340,310,270,280
4545,7617,400,320,480,370,340,290,270,260
4545,7619,400,300,480,350,340,270,270,240
4545,7623,400,260,480,310,340,230,270,200
4545,7625,400,240,480,290,340,210,270,180
4545,7627,400,220,480,270,340,190,270,160
4545,7629,400,200,480,250,340,170,270,140
4545,7641,400,80,480,130,340,50,270,20
4545,7643,400,60,480,110,340,30,270,0
4545,7645,400,40,480,90,340,10,270,-20
4546,7601,390,480,470,530,330,450,260,420
4546,7603,390,460,470,510,330,430,260,400
4546,7605,390,440,470,490,330,410,260,380
4546,7607,390,420,470,470,330,390,260,360
4546,7609,390,400,470,450,330,370,260,340
4546,7611,390,380,470,430,330,350,260,320
4546,7613,390,360,470,410,330,330,260,300
4546,7615,390,340,470,390,330,310,260,280
4546,7617,390,320,470,370,330,290,260,260
4546,7619,390,300,470,350,330,270,260,240
4546,7623,390,260,470,310,330,230,260,200
4546,7625,390,240,470,290,330,210,260,180
4546,7627,390,220,470,270,330,190,260,160
4546,7629,390,200,470,250,330,170,260,140
4546,7633,390,160,470,210,330,130,260,100
4546,7635,390,140,470,190,330,110,260,80
4546,7637,390,120,470,170,330,90,260,60
4546,7639,390,100,470,150,330,70,260,40
4546,7641,390,80,470,130,330,50,260,20
4546,7643,390,60,470,110,330,30,260,0
4546,7645,390,40,470,90,330,10,260,-20
4547,7601,380,480,460,530,320,450,250,420
4547,7605,380,440,460,490,320,410,250,380
4547,7609,380,400,460,450,320,370,250,340
4547,7611,380,380,460,430,320,350,250,320
4547,7613,380,360,460,410,320,330,250,300
4547,7615,380,340,460,390,320,310,250,280
4547,7617,380,320,460,370,320,290,250,260
4547,7619,380,300,460,350,320,270,250,240
4547,7623,380,260,460,310,320,230,250,200
4547,7625,380,240,460,290,320,210,250,180
4547,7627,380,220,460,270,320,190,250,160
4547,7633,380,160,460,210,320,130,250,100
4547,7635,380,140,460,190,320,110,250,80
4547,7641,380,80,460,130,320,50,250,20
4547,7643,380,60,460,110,320,30,250,0
4547,7645,380,40,460,90,320,10,250,-20
4550,7601,350,480,430,530,290,450,220,420
4550,7603,350,460,430,510,290,430,220,400
4550,7605,350,440,430,490,290,410,220,380
4550,7607,350,420,430,470,290,390,220,360
4550,7609,350,400,430,450,290,370,220,340
4550,7613,350,360,430,410,290,330,220,300
4550,7615,350,340,430,390,290,310,220,280
4550,7619,350,300,430,350,290,270,220,240
4550,7623,350,260,430,310,290,230,220,200
4550,7633,350,160,430,210,290,130,220,100
4550,7635,350,140,430,190,290,110,220,80
4550,7637,350,120,430,170,290,90,220,60
4550,7639,350,100,430,150,290,70,220,40
4550,7641,350,80,430,130,290,50,220,20
4550,7643,350,60,430,110,290,30,220,0
4550,7645,350,40,430,90,290,10,220,-20
4562,7633,230,160,310,210,170,130,100,100
4562,7635,230,140,310,190,170,110,100,80
4562,7639,230,100,310,150,170,70,100,40
4562,7641,230,80,310,130,170,50,100,20
4566,7619,190,300,270,350,130,270,60,240
4566,7622,190,270,270,320,130,240,60,210
4566,7635,190,140,270,190,130,110,60,80
4566,7637,190,120,270,170,130,90,60,60
4566,7639,190,100,270,150,130,70,60,40
4566,7641,190,80,270,130,130,50,60,20
4567,7609,180,400,260,450,120,370,50,340
4567,7620,180,290,260,340,120,260,50,230
4567,7624,180,250,260,300,120,220,50,190
4567,7627,180,220,260,270,120,190,50,160
4567,7633,180,160,260,210,120,130,50,100
4567,7635,180,140,260,190,120,110,50,80
4567,7637,180,120,260,170,120,90,50,60
4568,7633,170,160,250,210,110,130,40,100
4568,7635,170,140,250,190,110,110,40,80
4568,7637,170,120,250,170,110,90,40,60
4568,7639,170,100,250,150,110,70,40,40
4568,7641,170,80,250,130,110,50,40,20
4579,7635,60,140,140,190,0,110,-70,80
4579,7637,60,120,140,170,0,90,-70,60
4579,7639,60,100,140,150,0,70,-70,40
4579,7641,60,80,140,130,0,50,-70,20
4577,7607,80,420,160,470,20,390,-50,360
4577,7609,80,400,160,450,20,370,-50,340
4577,7611,80,380,160,430,20,350,-50,320
4577,7615,80,340,160,390,20,310,-50,280
4577,7617,80,320,160,370,20,290,-50,260
4577,7619,80,300,160,350,20,270,-50,240
4577,7621,80,280,160,330,20,250,-50,220
4577,7623,80,260,160,310,20,230,-50,200
4574,7619,110,300,190,350,50,270,-20,240
4575,7619,100,300,180,350,40,270,-30,240
4576,7619,90,300,170,350,30,270,-40,240
4547,7620,380,290,460,340,320,260,250,230
4549,7620,360,290,440,340,300,260,230,230
4551,7620,340,290,420,340,280,260,210,230
4557,7620,280,290,360,340,220,260,150,230
4558,7620,270,290,350,340,210,260,140,230
4572,7620,130,290,210,340,70,260,0,230
4573,7620,120,290,200,340,60,260,-10,230
4577,7620,80,290,160,340,20,260,-50,230
4579,7620,60,290,140,340,0,260,-70,230
4581,7620,40,290,120,340,-20,260,-90,230
4583,7620,20,290,100,340,-40,260,-110,230
4585,7620,0,290,80,340,-60,260,-130,230
4585,7621,0,280,80,330,-60,250,-130,220
4545,7622,400,270,480,320,340,240,270,210
4547,7622,380,270,460,320,320,240,250,210
4549,7622,360,270,440,320,300,240,230,210
4551,7622,340,270,420,320,280,240,210,210
4555,7622,300,270,380,320,240,240,170,210
4557,7622,280,270,360,320,220,240,150,210
4576,7622,90,270,170,320,30,240,-40,210
4580,7622,50,270,130,320,-10,240,-80,210
4584,7622,10,270,90,320,-50,240,-120,210
4553,7623,320,260,400,310,260,230,190,200
4566,7623,190,260,270,310,130,230,60,200
4569,7623,160,260,240,310,100,230,30,200
4573,7623,120,260,200,310,60,230,-10,200
4582,7623,30,260,110,310,-30,230,-100,200
4545,7624,400,250,480,300,340,220,270,190
4546,7624,390,250,470,300,330,220,260,190
4547,7624,380,250,460,300,320,220,250,190
4549,7624,360,250,440,300,300,220,230,190
4555,7624,300,250,380,300,240,220,170,190
4560,7624,250,250,330,300,190,220,120,190
4562,7624,230,250,310,300,170,220,100,190
4567,7624,180,250,260,300,120,220,50,190
4572,7624,130,250,210,300,70,220,0,190
4574,7624,110,250,190,300,50,220,-20,190
4578,7624,70,250,150,300,10,220,-60,190
4580,7624,50,250,130,300,-10,220,-80,190
4582,7624,30,250,110,300,-30,220,-100,190
4584,7624,10,250,90,300,-50,220,-120,190
4551,7625,340,240,420,290,280,210,210,180
4554,7625,310,240,390,290,250,210,180,180
4568,7625,170,240,250,290,110,210,40,180
4570,7625,150,240,230,290,90,210,20,180
4575,7625,100,240,180,290,40,210,-30,180
4578,7625,70,240,150,290,10,210,-60,180
4583,7625,20,240,100,290,-40,210,-110,180
4585,7625,0,240,80,290,-60,210,-130,180
4566,7617,190,320,270,370,130,290,60,260
4572,7617,130,320,210,370,70,290,0,260
4585,7617,0,320,80,370,-60,290,-130,260
4545,7616,400,330,480,380,340,300,270,270
4547,7616,380,330,460,380,320,300,250,270
4549,7616,360,330,440,380,300,300,230,270
4551,7616,340,330,420,380,280,300,210,270
4553,7616,320,330,400,380,260,300,190,270
4555,7616,300,330,380,380,240,300,170,270
4562,7616,230,330,310,380,170,300,100,270
4568,7616,170,330,250,380,110,300,40,270
4575,7616,100,330,180,380,40,300,-30,270
4576,7616,90,330,170,380,30,300,-40,270
4577,7616,80,330,160,380,20,300,-50,270
4579,7616,60,330,140,380,0,300,-70,270
4581,7616,40,330,120,380,-20,300,-90,270
4583,7616,20,330,100,380,-40,300,-110,270
4572,7615,130,340,210,390,70,310,0,280
4576,7615,90,340,170,390,30,310,-40,280
4583,7615,20,340,100,390,-40,310,-110,280
4585,7615,0,340,80,390,-60,310,-130,280
4552,7626,330,230,410,280,270,200,200,170
4554,7626,310,230,390,280,250,200,180,170
4559,7626,260,230,340,280,200,200,130,170
4560,7626,250,230,330,280,190,200,120,170
4566,7626,190,230,270,280,130,200,60,170
4568,7626,170,230,250,280,110,200,40,170
4572,7626,130,230,210,280,70,200,0,170
4573,7626,120,230,200,280,60,200,-10,170
4576,7626,90,230,170,280,30,200,-40,170
4579,7626,60,230,140,280,0,200,-70,170
4581,7626,40,230,120,280,-20,200,-90,170
4585,7626,0,230,80,280,-60,200,-130,170
4556,7627,290,220,370,270,230,190,160,160
4557,7627,280,220,360,270,220,190,150,160
4559,7627,260,220,340,270,200,190,130,160
4563,7627,220,220,300,270,160,190,90,160
4573,7627,120,220,200,270,60,190,-10,160
4574,7627,110,220,190,270,50,190,-20,160
4576,7627,90,220,170,270,30,190,-40,160
4577,7627,80,220,160,270,20,190,-50,160
4583,7627,20,220,100,270,-40,190,-110,160
4585,7627,0,220,80,270,-60,190,-130,160
4545,7614,400,350,480,400,340,320,270,290
4547,7614,380,350,460,400,320,320,250,290
4549,7614,360,350,440,400,300,320,230,290
4560,7614,250,350,330,400,190,320,120,290
4562,7614,230,350,310,400,170,320,100,290
